Shipping Incl. Tax (%1),Shipping Incl. VAT (%1)
Shipping Excl. Tax (%1),Shipping Excl. VAT (%1)
Subtotal (Excl.Tax),Subtotal (Excl.VAT)
Subtotal (Incl.Tax),Subtotal (Incl.VAT)
Shipping & Handling (Excl.Tax),Shipping & Handling (Excl.VAT)
Shipping & Handling (Incl.Tax),Shipping & Handling (Incl.VAT)
Grand Total (Excl.Tax),Grand Total (Excl.VAT)
Grand Total (Incl.Tax),Grand Total (Incl.VAT)
Tax,VAT
Grand Total (Excl. Tax),Grand Total (Excl. VAT)
Grand Total (Incl. Tax),Grand Total (Incl. VAT)
Shipping (Excl. Tax),Shipping (Excl. VAT)
Shipping (Incl. Tax),Shipping (Incl. VAT)
Subtotal (Excl. Tax),Subtotal (Excl. VAT)
Subtotal (Incl. Tax),Subtotal (Incl. VAT)
Excluding Tax,Excluding VAT
Including Tax,Including VAT
Including and Excluding Tax,Including and Excluding VAT
Excl. tax:,Excl. VAT:
Incl. Tax,Incl. VAT
Excl. Tax,Excl. VAT
Grand Total Excl. Tax,Grand Total Excl. VAT
Grand Total Incl. Tax,Grand Total Incl. VAT
(Excl. Tax),(Excl. VAT)
(Incl. Tax),(Incl. VAT)
Order Total Excl. Tax,Order Total Excl. VAT
Order Total Incl. Tax,Order Total Incl. VAT
Estimate Shipping and Tax,Estimate Shipping and VAT
